{
    "total_runtime": 147.71550917625427,
    "num_documents": 1,
    "input_load_time": 0,
    "workflows": {
        "create_base_text_units": {
            "overall": 0.9241516590118408,
            "0_orderby": 0.02300238609313965,
            "1_zip": 0.01600027084350586,
            "2_aggregate_override": 0.039575815200805664,
            "3_chunk": 0.6434640884399414,
            "4_select": 0.02000117301940918,
            "5_unroll": 0.03151845932006836,
            "6_rename": 0.016010761260986328,
            "7_genid": 0.015013456344604492,
            "8_unzip": 0.017529726028442383,
            "9_copy": 0.01600790023803711,
            "10_filter": 0.08302783966064453
        },
        "create_base_extracted_entities": {
            "overall": 145.26757740974426,
            "0_entity_extract": 145.22640752792358,
            "1_merge_graphs": 0.03116631507873535
        },
        "create_summarized_entities": {
            "overall": 0.03520512580871582,
            "0_summarize_descriptions": 0.02180171012878418
        }
    }
}